configuration_id,alpha,method,exact_budget_points,passed_count,directions
H0,13/25,joint,0,0,28
H0,13/25,joint,1/4,0,28
H0,13/25,joint,1/2,0,28
H0,13/25,joint,15423680289537419694871306421119/30423614405477505635920876929024,1,28
H0,13/25,joint,18273224131977213080851429485321/31691265005705735037417580134400,2,28
H0,13/25,joint,278449969303828426873181033306629/380295180068468820449010961612800,3,28
H0,13/25,joint,1,3,28
H0,13/25,joint,40051951652334383717065466961447/31691265005705735037417580134400,4,28
H0,13/25,joint,4101248392289623633009820629201/3169126500570573503741758013440,5,28
H0,13/25,joint,16445472895822223185834248046567/12676506002282294014967032053760,6,28
H0,13/25,joint,21045324688587529425877186905777/15845632502852867518708790067200,7,28
H0,13/25,joint,21070654234042597327728463326917/15845632502852867518708790067200,8,28
H0,13/25,joint,5328521166295856501425851740799/3961408125713216879677197516800,9,28
H0,13/25,joint,21436804796164038311740005422219/15845632502852867518708790067200,10,28
H0,13/25,joint,3466211098507115737550679149745/2535301200456458802993406410752,11,28
H0,13/25,joint,87179775941765290356865211175433/63382530011411470074835160268800,12,28
H0,13/25,joint,17439931377745734903147528889779/12676506002282294014967032053760,13,28
H0,13/25,joint,88253801699952347191447465297107/63382530011411470074835160268800,14,28
H0,13/25,joint,88584190575733701375271783301891/63382530011411470074835160268800,15,28
H0,13/25,joint,2791500901269958055277017312413/1980704062856608439838598758400,16,28
H0,13/25,joint,45629112233974192218104469341343/31691265005705735037417580134400,17,28
H0,13/25,joint,92126006002799871765677561962731/63382530011411470074835160268800,18,28
H0,13/25,joint,18864093537961747959769594198811/12676506002282294014967032053760,19,28
H0,13/25,joint,47364245213884680581779710175227/31691265005705735037417580134400,20,28
H0,13/25,joint,96817386822251332207083026892263/63382530011411470074835160268800,21,28
H0,13/25,joint,49616583109086119663516946689861/31691265005705735037417580134400,22,28
H0,13/25,joint,1556081040823608836357822518699/990352031428304219919299379200,23,28
H0,13/25,joint,103267225893366941127384411160507/63382530011411470074835160268800,24,28
H0,13/25,joint,105642760961678634280452159205779/63382530011411470074835160268800,25,28
H0,13/25,joint,2,25,28
H0,13/25,joint,142417901999054571188086685137781/63382530011411470074835160268800,26,28
H0,13/25,joint,147694840956794428566768791492227/63382530011411470074835160268800,27,28
H0,13/25,joint,9812084509564352782614525260021/3961408125713216879677197516800,28,28
H0,13/25,marginal,0,0,28
H0,13/25,marginal,1/4,0,28
H0,13/25,marginal,1/2,0,28
H0,13/25,marginal,1,0,28
H0,13/25,marginal,46613123252152906978084925864829/31691265005705735037417580134400,1,28
H0,13/25,marginal,597544167426125725951977474005141/380295180068468820449010961612800,2,28
H0,13/25,marginal,317865427913208284083467918816167/190147590034234410224505480806400,3,28
H0,13/25,marginal,2,3,28
H0,13/25,marginal,150611825959903437296962078351253/63382530011411470074835160268800,4,28
H0,13/25,marginal,155536255419859711983888696185071/63382530011411470074835160268800,5,28
H0,13/25,marginal,157314767826687229913649980182463/63382530011411470074835160268800,6,28
H0,13/25,marginal,2460466288302666771264068927853/990352031428304219919299379200,7,28
H0,13/25,marginal,493745412981202950329864086839/198070406285660843983859875840,8,28
H0,13/25,marginal,158920944362849235208816081970491/63382530011411470074835160268800,9,28
H0,13/25,marginal,9972061106905262504107393381909/3961408125713216879677197516800,10,28
H0,13/25,marginal,163506625929304672742822725058359/63382530011411470074835160268800,11,28
H0,13/25,marginal,83943537097774951703314555963051/31691265005705735037417580134400,12,28
H0,13/25,marginal,168332413862645154160699387087833/63382530011411470074835160268800,13,28
H0,13/25,marginal,169599477916672180536225159830251/63382530011411470074835160268800,14,28
H0,13/25,marginal,169860763345959794856658329548267/63382530011411470074835160268800,15,28
H0,13/25,marginal,170940810045547144669428166092089/63382530011411470074835160268800,16,28
H0,13/25,marginal,1767286507990333294668685834319/633825300114114700748351602688,17,28
H0,13/25,marginal,89043438895756049103308697667747/31691265005705735037417580134400,18,28
H0,13/25,marginal,149577294892738373534360752546929/31691265005705735037417580134400,19,28
H0,13/25,marginal,29946587779457592999742631913593/6338253001141147007483516026880,20,28
H0,13/25,marginal,306387795109445062860328015773293/63382530011411470074835160268800,21,28
H0,13/25,marginal,307942240665944318820489802095357/63382530011411470074835160268800,22,28
H0,13/25,marginal,3116086972329219128001059802097/633825300114114700748351602688,23,28
H0,13/25,marginal,6448551405843078159032776140577/1267650600228229401496703205376,24,28
H0,13/25,marginal,162057766727154771753209988172001/31691265005705735037417580134400,25,28
H0,13/25,marginal,162608764283906795453304839708031/31691265005705735037417580134400,26,28
H0,13/25,marginal,65184309365759200991661326980189/12676506002282294014967032053760,27,28
H0,13/25,marginal,16702955258564850848342457546093/3169126500570573503741758013440,28,28
H0,3/5,joint,0,0,28
H0,3/5,joint,43166215919150625250762352543749/190147590034234410224505480806400,1,28
H0,3/5,joint,1/4,1,28
H0,3/5,joint,43351519850027691051003393408989/126765060022822940149670320537600,2,28
H0,3/5,joint,3894649665920340525575050167041/7922816251426433759354395033600,3,28
H0,3/5,joint,31298196408567246215727734170133/63382530011411470074835160268800,4,28
H0,3/5,joint,6269549262351150145582354071221/12676506002282294014967032053760,5,28
H0,3/5,joint,1973320645352091077733026607531/3961408125713216879677197516800,6,28
H0,3/5,joint,1/2,6,28
H0,3/5,joint,7922937480895623695070963141253/15845632502852867518708790067200,7,28
H0,3/5,joint,3195271876631121001792755060393/6338253001141147007483516026880,8,28
H0,3/5,joint,32212065348245766888385888086191/63382530011411470074835160268800,9,28
H0,3/5,joint,16718439232914203435571198081889/31691265005705735037417580134400,10,28
H0,3/5,joint,4329519271933886522145871679873/7922816251426433759354395033600,11,28
H0,3/5,joint,8770953617404765870296139904353/15845632502852867518708790067200,12,28
H0,3/5,joint,35662937757682359749053487574407/63382530011411470074835160268800,13,28
H0,3/5,joint,26891870339761806032508984107333/47536897508558602556126370201600,14,28
H0,3/5,joint,18007519970289634429079417813017/31691265005705735037417580134400,15,28
H0,3/5,joint,36253175548909019325206056830319/63382530011411470074835160268800,16,28
H0,3/5,joint,18216440533165333506683474137749/31691265005705735037417580134400,17,28
H0,3/5,joint,36480176103046606373825999008669/63382530011411470074835160268800,18,28
H0,3/5,joint,37140398984382206798917409738941/63382530011411470074835160268800,19,28
H0,3/5,joint,18631449980846737201899580385649/31691265005705735037417580134400,20,28
H0,3/5,joint,952972642538402900827062915307/1584563250285286751870879006720,21,28
H0,3/5,joint,19219624695553150403072742866609/31691265005705735037417580134400,22,28
H0,3/5,joint,20421377026306287799288964389691/31691265005705735037417580134400,23,28
H0,3/5,joint,41731282051786613297930447671027/63382530011411470074835160268800,24,28
H0,3/5,joint,24190388231794307075261321684039/31691265005705735037417580134400,25,28
H0,3/5,joint,26256770110481643347890549911351/31691265005705735037417580134400,26,28
H0,3/5,joint,10793759878459165428269050686167/12676506002282294014967032053760,27,28
H0,3/5,joint,61129487676192817151530909257913/63382530011411470074835160268800,28,28
H0,3/5,joint,1,28,28
H0,3/5,joint,2,28,28
H0,3/5,marginal,0,0,28
H0,3/5,marginal,1/4,0,28
H0,3/5,marginal,1/2,0,28
H0,3/5,marginal,32985881914291668131879171556921/63382530011411470074835160268800,1,28
H0,3/5,marginal,21106922587341128593950091439405/30423614405477505635920876929024,2,28
H0,3/5,marginal,25440018831783949918923887973423/31691265005705735037417580134400,3,28
H0,3/5,marginal,329757773197778206057477256643599/380295180068468820449010961612800,4,28
H0,3/5,marginal,55264681281554634737756863178777/63382530011411470074835160268800,5,28
H0,3/5,marginal,55625175413959012121647254654103/63382530011411470074835160268800,6,28
H0,3/5,marginal,55817478124124649992738825830493/63382530011411470074835160268800,7,28
H0,3/5,marginal,28514912108715893013841635527297/31691265005705735037417580134400,8,28
H0,3/5,marginal,28624082995587192927425953835927/31691265005705735037417580134400,9,28
H0,3/5,marginal,28644394347551813774777248230633/31691265005705735037417580134400,10,28
H0,3/5,marginal,57948902251075901418944605197201/63382530011411470074835160268800,11,28
H0,3/5,marginal,58080268977353489211571392142331/63382530011411470074835160268800,12,28
H0,3/5,marginal,58304770447288733094340083237071/63382530011411470074835160268800,13,28
H0,3/5,marginal,15152408452552662645220854082897/15845632502852867518708790067200,14,28
H0,3/5,marginal,1,14,28
H0,3/5,marginal,63904805192767826774131088931369/63382530011411470074835160268800,15,28
H0,3/5,marginal,33405595371369962654169485015669/31691265005705735037417580134400,16,28
H0,3/5,marginal,14088779331035664097305471191487/12676506002282294014967032053760,17,28
H0,3/5,marginal,14462989926604258758140729118223/12676506002282294014967032053760,18,28
H0,3/5,marginal,6160323681448546639950788828701/3961408125713216879677197516800,19,28
H0,3/5,marginal,12600259169978123071597349408121/7922816251426433759354395033600,20,28
H0,3/5,marginal,101609136451255070460481010266019/63382530011411470074835160268800,21,28
H0,3/5,marginal,101649759155184312155183599055431/63382530011411470074835160268800,22,28
H0,3/5,marginal,52084499634477321054410025125419/31691265005705735037417580134400,23,28
H0,3/5,marginal,52740208189871456798308738358311/31691265005705735037417580134400,24,28
H0,3/5,marginal,106882498621484764208670279763693/63382530011411470074835160268800,25,28
H0,3/5,marginal,108234282682535318848698192000619/63382530011411470074835160268800,26,28
H0,3/5,marginal,112654999631390798149330525708697/63382530011411470074835160268800,27,28
H0,3/5,marginal,112707034836899101771229976552731/63382530011411470074835160268800,28,28
H0,3/5,marginal,2,28,28
H0,9/10,joint,0,0,28
H0,9/10,joint,6430647495225243712041336581951/63382530011411470074835160268800,1,28
H0,9/10,joint,7100078029943004031037582598673/63382530011411470074835160268800,2,28
H0,9/10,joint,50021308273385111426072323843589/380295180068468820449010961612800,3,28
H0,9/10,joint,4200368810434511403372623513673/31691265005705735037417580134400,4,28
H0,9/10,joint,1909571318766093322987270093809/12676506002282294014967032053760,5,28
H0,9/10,joint,329345917385813520755704919903/1980704062856608439838598758400,6,28
H0,9/10,joint,2661861184055561361210998921553/15845632502852867518708790067200,7,28
H0,9/10,joint,2207250431199850812182044257577/12676506002282294014967032053760,8,28
H0,9/10,joint,11149471248749694524825320483561/63382530011411470074835160268800,9,28
H0,9/10,joint,12426163274483629275851558712241/63382530011411470074835160268800,10,28
H0,9/10,joint,30109896246535263033457038731459/152118072027387528179604384645120,11,28
H0,9/10,joint,6358831921552858558874964449277/31691265005705735037417580134400,12,28
H0,9/10,joint,12878722852293857072576813884959/63382530011411470074835160268800,13,28
H0,9/10,joint,2603616823751903985953185524043/12676506002282294014967032053760,14,28
H0,9/10,joint,14579642203719541789241113569501/63382530011411470074835160268800,15,28
H0,9/10,joint,1474772153110820719229728899797/6338253001141147007483516026880,16,28
H0,9/10,joint,936687948953085911609827971391/3961408125713216879677197516800,17,28
H0,9/10,joint,15314635138737267900028341269333/63382530011411470074835160268800,18,28
H0,9/10,joint,1/4,18,28
H0,9/10,joint,16200824758579724200894747821699/63382530011411470074835160268800,19,28
H0,9/10,joint,16417620018083940756674887933257/63382530011411470074835160268800,20,28
H0,9/10,joint,10493005309911797727017015261981/31691265005705735037417580134400,21,28
H0,9/10,joint,22652022274366895720074711003477/63382530011411470074835160268800,22,28
H0,9/10,joint,3143836696370026094654600066167/7922816251426433759354395033600,23,28
H0,9/10,joint,12737047872866787477428006178003/31691265005705735037417580134400,24,28
H0,9/10,joint,27993935692219808550487161936383/63382530011411470074835160268800,25,28
H0,9/10,joint,1/2,25,28
H0,9/10,joint,38751418155382914849183084404797/76059036013693764089802192322560,26,28
H0,9/10,joint,30041809857957989218047891014033/31691265005705735037417580134400,27,28
H0,9/10,joint,1,27,28
H0,9/10,joint,63910285376254471813542970735939/63382530011411470074835160268800,28,28
H0,9/10,joint,2,28,28
H0,9/10,marginal,0,0,28
H0,9/10,marginal,9216841773625260750382826234331/63382530011411470074835160268800,1,28
H0,9/10,marginal,10790681097716563574347226683323/63382530011411470074835160268800,2,28
H0,9/10,marginal,35122619240491241067441308186561/190147590034234410224505480806400,3,28
H0,9/10,marginal,6592996905980780006822703107139/31691265005705735037417580134400,4,28
H0,9/10,marginal,15225098788517703088385453055361/63382530011411470074835160268800,5,28
H0,9/10,marginal,1/4,5,28
H0,9/10,marginal,996446639317103193174791846893/3961408125713216879677197516800,6,28
H0,9/10,marginal,66192437592627350051128795693833/253530120045645880299340641075200,7,28
H0,9/10,marginal,8423964335582689518927567039063/31691265005705735037417580134400,8,28
H0,9/10,marginal,16947586213395619063932945744979/63382530011411470074835160268800,9,28
H0,9/10,marginal,8488217010370148214324323061229/31691265005705735037417580134400,10,28
H0,9/10,marginal,18542513286354210244705665185281/63382530011411470074835160268800,11,28
H0,9/10,marginal,9379289219942359503187929571681/31691265005705735037417580134400,12,28
H0,9/10,marginal,9461757190205435604998668270257/31691265005705735037417580134400,13,28
H0,9/10,marginal,19289475430785876322318836422727/63382530011411470074835160268800,14,28
H0,9/10,marginal,21170325845250927124167859601993/63382530011411470074835160268800,15,28
H0,9/10,marginal,21431171795757938876838560742679/63382530011411470074835160268800,16,28
H0,9/10,marginal,2772525664748996361826346708451/7922816251426433759354395033600,17,28
H0,9/10,marginal,24049386683843985820494685795923/63382530011411470074835160268800,18,28
H0,9/10,marginal,25159988002698911841179495784619/63382530011411470074835160268800,19,28
H0,9/10,marginal,6444350174298416545964709490347/15845632502852867518708790067200,20,28
H0,9/10,marginal,12942161429510763332953039436987/31691265005705735037417580134400,21,28
H0,9/10,marginal,13062930849319895864857415912869/31691265005705735037417580134400,22,28
H0,9/10,marginal,28351703589091610768605823514157/63382530011411470074835160268800,23,28
H0,9/10,marginal,28811955452543053603885660013323/63382530011411470074835160268800,24,28
H0,9/10,marginal,1/2,24,28
H0,9/10,marginal,32330038158832916907827611222151/63382530011411470074835160268800,25,28
H0,9/10,marginal,26747292036172425774017880601993/47536897508558602556126370201600,26,28
H0,9/10,marginal,7891348037821985347945042579661/7922816251426433759354395033600,27,28
H0,9/10,marginal,1,27,28
H0,9/10,marginal,67513303286489752418838465568717/63382530011411470074835160268800,28,28
H0,9/10,marginal,2,28,28
H1,13/25,joint,0,0,28
H1,13/25,joint,13450148032897465890753513732823/63382530011411470074835160268800,1,28
H1,13/25,joint,14932350925248136628710271648803/63382530011411470074835160268800,2,28
H1,13/25,joint,1/4,2,28
H1,13/25,joint,4322764827809032344224996975991/15845632502852867518708790067200,3,28
H1,13/25,joint,914521232398826287948528151661/3169126500570573503741758013440,4,28
H1,13/25,joint,18773335038027449975931817970839/63382530011411470074835160268800,5,28
H1,13/25,joint,9686795102507904518457301609759/31691265005705735037417580134400,6,28
H1,13/25,joint,19828790297923378343100181287143/63382530011411470074835160268800,7,28
H1,13/25,joint,19936291108280181595659670563897/63382530011411470074835160268800,8,28
H1,13/25,joint,5041539048114650946022558956167/15845632502852867518708790067200,9,28
H1,13/25,joint,21412867740316831598817633870747/63382530011411470074835160268800,10,28
H1,13/25,joint,21707600350314977906494263018939/63382530011411470074835160268800,11,28
H1,13/25,joint,11212183918433289317479978339507/31691265005705735037417580134400,12,28
H1,13/25,joint,271106146258005256300242885700663/760590360136937640898021923225600,13,28
H1,13/25,joint,22785107277604325202247146587223/63382530011411470074835160268800,14,28
H1,13/25,joint,11440055634548305164797855912623/31691265005705735037417580134400,15,28
H1,13/25,joint,22906680041189600106448858069951/63382530011411470074835160268800,16,28
H1,13/25,joint,11499191334070301343641174897899/31691265005705735037417580134400,17,28
H1,13/25,joint,11998279832456469302283614158459/31691265005705735037417580134400,18,28
H1,13/25,joint,24874629457511511869250409365569/63382530011411470074835160268800,19,28
H1,13/25,joint,12674806620118812067312543779059/31691265005705735037417580134400,20,28
H1,13/25,joint,25551728675585192685084390432287/63382530011411470074835160268800,21,28
H1,13/25,joint,6717426607136509518038335794453/15845632502852867518708790067200,22,28
H1,13/25,joint,165962272929768678674116882534819/380295180068468820449010961612800,23,28
H1,13/25,joint,27858440368378618124448400027737/63382530011411470074835160268800,24,28
H1,13/25,joint,142951871661547166509232980117/316912650057057350374175801344,25,28
H1,13/25,joint,29144875082573315886015597569413/63382530011411470074835160268800,26,28
H1,13/25,joint,7540879023498210639590266741411/15845632502852867518708790067200,27,28
H1,13/25,joint,31617070567917206059506685459149/63382530011411470074835160268800,28,28
H1,13/25,joint,1/2,28,28
H1,13/25,joint,1,28,28
H1,13/25,joint,2,28,28
H1,13/25,marginal,0,0,28
H1,13/25,marginal,1/4,0,28
H1,13/25,marginal,20834017095996057682936348407779/63382530011411470074835160268800,1,28
H1,13/25,marginal,850573655708164069834002861207/2535301200456458802993406410752,2,28
H1,13/25,marginal,22296340460333021854090150587041/63382530011411470074835160268800,3,28
H1,13/25,marginal,11201032259934981185628449848207/31691265005705735037417580134400,4,28
H1,13/25,marginal,24678033647839372160557124631983/63382530011411470074835160268800,5,28
H1,13/25,marginal,2556295632872105064376615296073/6338253001141147007483516026880,6,28
H1,13/25,marginal,13206982115649795244581346993219/31691265005705735037417580134400,7,28
H1,13/25,marginal,13330603156522174972952205686241/31691265005705735037417580134400,8,28
H1,13/25,marginal,27016240311413078154179625128663/63382530011411470074835160268800,9,28
H1,13/25,marginal,27406641820279111710685293491081/63382530011411470074835160268800,10,28
H1,13/25,marginal,27448034266745204548293158073751/63382530011411470074835160268800,11,28
H1,13/25,marginal,30195546016422488502424350899149/63382530011411470074835160268800,12,28
H1,13/25,marginal,15700405514429044479013794298439/31691265005705735037417580134400,13,28
H1,13/25,marginal,1/2,13,28
H1,13/25,marginal,4054014608475166561638661829491/7922816251426433759354395033600,14,28
H1,13/25,marginal,7070717558194194673552403824001/12676506002282294014967032053760,15,28
H1,13/25,marginal,9021363382693421964036922510731/15845632502852867518708790067200,16,28
H1,13/25,marginal,18986591932741229089033909321253/31691265005705735037417580134400,17,28
H1,13/25,marginal,960982499292266839356173496707/1584563250285286751870879006720,18,28
H1,13/25,marginal,2482079660022591887318178379047/3961408125713216879677197516800,19,28
H1,13/25,marginal,19913690821886400392765043509383/31691265005705735037417580134400,20,28
H1,13/25,marginal,40243367552385490306301710801443/63382530011411470074835160268800,21,28
H1,13/25,marginal,41036702339035153940051639747637/63382530011411470074835160268800,22,28
H1,13/25,marginal,41222203151383933928951744735339/63382530011411470074835160268800,23,28
H1,13/25,marginal,41563312227233019114135656373221/63382530011411470074835160268800,24,28
H1,13/25,marginal,2701528015141667730716331071329/3961408125713216879677197516800,25,28
H1,13/25,marginal,9398622741228183295231325599757/12676506002282294014967032053760,26,28
H1,13/25,marginal,23925128703704567918557986768221/31691265005705735037417580134400,27,28
H1,13/25,marginal,9633880446481104215638584537823/12676506002282294014967032053760,28,28
H1,13/25,marginal,1,28,28
H1,13/25,marginal,2,28,28
H1,3/5,joint,0,0,28
H1,3/5,joint,14227503555759330193201088320439/95073795017117205112252740403200,1,28
H1,3/5,joint,1678243996346588848281419962171/7922816251426433759354395033600,2,28
H1,3/5,joint,14191876961422340359006098625537/63382530011411470074835160268800,3,28
H1,3/5,joint,7298428990038917878850585687243/31691265005705735037417580134400,4,28
H1,3/5,joint,7475718585371091722721650246927/31691265005705735037417580134400,5,28
H1,3/5,joint,186929312513833792254855312111/792281625142643375935439503360,6,28
H1,3/5,joint,15097500544687271860697200488761/63382530011411470074835160268800,7,28
H1,3/5,joint,7585562100322111035385848328451/31691265005705735037417580134400,8,28
H1,3/5,joint,15362286506573954461672503129801/63382530011411470074835160268800,9,28
H1,3/5,joint,3159748016565848855689805868499/12676506002282294014967032053760,10,28
H1,3/5,joint,1/4,10,28
H1,3/5,joint,17161836835787347064783379302913/63382530011411470074835160268800,11,28
H1,3/5,joint,17436809833017488951486186358793/63382530011411470074835160268800,12,28
H1,3/5,joint,1751190159653705790582583872609/6338253001141147007483516026880,13,28
H1,3/5,joint,17688257154030392145546221000887/63382530011411470074835160268800,14,28
H1,3/5,joint,9201662084571037145850574890707/31691265005705735037417580134400,15,28
H1,3/5,joint,3689643816118300536983256614853/12676506002282294014967032053760,16,28
H1,3/5,joint,37933596791898553443188784850453/126765060022822940149670320537600,17,28
H1,3/5,joint,18967251445663184060046922473087/63382530011411470074835160268800,18,28
H1,3/5,joint,4866436934245919270249961601333/15845632502852867518708790067200,19,28
H1,3/5,joint,19826848146631630339542283101707/63382530011411470074835160268800,20,28
H1,3/5,joint,19924249451235007683147168515513/63382530011411470074835160268800,21,28
H1,3/5,joint,2616846256866380183538872313991/7922816251426433759354395033600,22,28
H1,3/5,joint,5338463316434396592785627227961/15845632502852867518708790067200,23,28
H1,3/5,joint,4762023315212058452019645441369/12676506002282294014967032053760,24,28
H1,3/5,joint,5960221604546464189882714346293/15845632502852867518708790067200,25,28
H1,3/5,joint,5508487565664569004004566357931/12676506002282294014967032053760,26,28
H1,3/5,joint,14539315808820536293572837450721/31691265005705735037417580134400,27,28
H1,3/5,joint,90330837502568764930193494922771/190147590034234410224505480806400,28,28
H1,3/5,joint,1/2,28,28
H1,3/5,joint,1,28,28
H1,3/5,joint,2,28,28
H1,3/5,marginal,0,0,28
H1,3/5,marginal,30139515929481196271397436141791/126765060022822940149670320537600,1,28
H1,3/5,marginal,1/4,1,28
H1,3/5,marginal,997457880502215625882270329277/3961408125713216879677197516800,2,28
H1,3/5,marginal,18014203322004012803138953499939/63382530011411470074835160268800,3,28
H1,3/5,marginal,4743474551380588524612427440821/15845632502852867518708790067200,4,28
H1,3/5,marginal,9494485283493203054988244244717/31691265005705735037417580134400,5,28
H1,3/5,marginal,9531270698635464417337650331131/31691265005705735037417580134400,6,28
H1,3/5,marginal,9807169135894708944010595088841/31691265005705735037417580134400,7,28
H1,3/5,marginal,10134360650107521184994181341709/31691265005705735037417580134400,8,28
H1,3/5,marginal,2554272511570785590028473761551/7922816251426433759354395033600,9,28
H1,3/5,marginal,20552669951285277236828309603951/63382530011411470074835160268800,10,28
H1,3/5,marginal,2140825261321876601422682429143/6338253001141147007483516026880,11,28
H1,3/5,marginal,23433514492455601896509571347463/63382530011411470074835160268800,12,28
H1,3/5,marginal,24602511933931945787220686827237/63382530011411470074835160268800,13,28
H1,3/5,marginal,304797124929866843242700659846027/760590360136937640898021923225600,14,28
H1,3/5,marginal,27341967493662761126076502140707/63382530011411470074835160268800,15,28
H1,3/5,marginal,28622857335333681203150258782623/63382530011411470074835160268800,16,28
H1,3/5,marginal,28973632023733462355360492186813/63382530011411470074835160268800,17,28
H1,3/5,marginal,14739219998633584990274386735051/31691265005705735037417580134400,18,28
H1,3/5,marginal,5906041412423144060170154652821/12676506002282294014967032053760,19,28
H1,3/5,marginal,15128380603690621555860009204699/31691265005705735037417580134400,20,28
H1,3/5,marginal,30498063752734169476536308848469/63382530011411470074835160268800,21,28
H1,3/5,marginal,6286772764162044183298694342117/12676506002282294014967032053760,22,28
H1,3/5,marginal,1/2,22,28
H1,3/5,marginal,33345371831112995978643851056139/63382530011411470074835160268800,23,28
H1,3/5,marginal,3344719127282527084581604586233/6338253001141147007483516026880,24,28
H1,3/5,marginal,1725919036212912410002513495683/3169126500570573503741758013440,25,28
H1,3/5,marginal,8896041495763078694937208512203/15845632502852867518708790067200,26,28
H1,3/5,marginal,107189288570711627214254175710327/190147590034234410224505480806400,27,28
H1,3/5,marginal,37003173888990418913115441989373/63382530011411470074835160268800,28,28
H1,3/5,marginal,1,28,28
H1,3/5,marginal,2,28,28
H1,9/10,joint,0,0,28
H1,9/10,joint,1382080047395894966670105102921/15845632502852867518708790067200,1,28
H1,9/10,joint,5677818930769805931043738685827/63382530011411470074835160268800,2,28
H1,9/10,joint,3892851914978862726317208426257/31691265005705735037417580134400,3,28
H1,9/10,joint,47354528801461262793182388501521/380295180068468820449010961612800,4,28
H1,9/10,joint,8783187114537467499949334061711/63382530011411470074835160268800,5,28
H1,9/10,joint,4889335069272687068593058020669/31691265005705735037417580134400,6,28
H1,9/10,joint,628129551867787969424238462407/3961408125713216879677197516800,7,28
H1,9/10,joint,1287017078435018935640008762199/7922816251426433759354395033600,8,28
H1,9/10,joint,2608187546831950750751981098969/15845632502852867518708790067200,9,28
H1,9/10,joint,11792643533836701292852992044199/63382530011411470074835160268800,10,28
H1,9/10,joint,298737843499894513220939722737/1584563250285286751870879006720,11,28
H1,9/10,joint,6092149872916125200138867327479/31691265005705735037417580134400,12,28
H1,9/10,joint,12272648815987318535899792365057/63382530011411470074835160268800,13,28
H1,9/10,joint,148135404145072450493650984860523/760590360136937640898021923225600,14,28
H1,9/10,joint,6901779419056320348227957995739/31691265005705735037417580134400,15,28
H1,9/10,joint,13963521293269864930598687893477/63382530011411470074835160268800,16,28
H1,9/10,joint,14406518937465655360640226645997/63382530011411470074835160268800,17,28
H1,9/10,joint,1825454270314204205954549787937/7922816251426433759354395033600,18,28
H1,9/10,joint,3105532677775352153348277307951/12676506002282294014967032053760,19,28
H1,9/10,joint,7882370801787509548733333219353/31691265005705735037417580134400,20,28
H1,9/10,joint,1/4,20,28
H1,9/10,joint,809911781953140681426844632961/2535301200456458802993406410752,21,28
H1,9/10,joint,5483614609767059242668572555859/15845632502852867518708790067200,22,28
H1,9/10,joint,24419526446470457500110755193759/63382530011411470074835160268800,23,28
H1,9/10,joint,6187452824856817897700875849853/15845632502852867518708790067200,24,28
H1,9/10,joint,13235349208920401198252626530581/31691265005705735037417580134400,25,28
H1,9/10,joint,1/2,25,28
H1,9/10,joint,191568243812518602037324048126979/380295180068468820449010961612800,26,28
H1,9/10,joint,58480354397020879844943186022421/63382530011411470074835160268800,27,28
H1,9/10,joint,7826025075290480760958823061979/7922816251426433759354395033600,28,28
H1,9/10,joint,1,28,28
H1,9/10,joint,2,28,28
H1,9/10,marginal,0,0,28
H1,9/10,marginal,3633649766574894720698616287801/31691265005705735037417580134400,1,28
H1,9/10,marginal,8841421984342482104670485554153/63382530011411470074835160268800,2,28
H1,9/10,marginal,64122201424385005676676039307987/380295180068468820449010961612800,3,28
H1,9/10,marginal,11260085007059229867388040710807/63382530011411470074835160268800,4,28
H1,9/10,marginal,6558489142631334045278269839681/31691265005705735037417580134400,5,28
H1,9/10,marginal,6661558551805417337292446737333/31691265005705735037417580134400,6,28
H1,9/10,marginal,698512684006321422919585013293/3169126500570573503741758013440,7,28
H1,9/10,marginal,14482389003080908000591299987749/63382530011411470074835160268800,8,28
H1,9/10,marginal,187235588810082091652508056143/792281625142643375935439503360,9,28
H1,9/10,marginal,1883729570403041975444786334219/7922816251426433759354395033600,10,28
H1,9/10,marginal,15123233285008868741724706794921/63382530011411470074835160268800,11,28
H1,9/10,marginal,15461584940976677762260911338561/63382530011411470074835160268800,12,28
H1,9/10,marginal,62249850353390268761823239149801/253530120045645880299340641075200,13,28
H1,9/10,marginal,1/4,13,28
H1,9/10,marginal,673511532110406513286920116471/2535301200456458802993406410752,14,28
H1,9/10,marginal,8532665748874087728561233853669/31691265005705735037417580134400,15,28
H1,9/10,marginal,17555720750380137421595601580479/63382530011411470074835160268800,16,28
H1,9/10,marginal,1135340792129846305856481743811/3961408125713216879677197516800,17,28
H1,9/10,marginal,10618776606638108949894466420731/31691265005705735037417580134400,18,28
H1,9/10,marginal,5433735935755221695707781196057/15845632502852867518708790067200,19,28
H1,9/10,marginal,5452134619613123908216599168553/15845632502852867518708790067200,20,28
H1,9/10,marginal,882136680562001516076288551727/2535301200456458802993406410752,21,28
H1,9/10,marginal,24062208660289860224464211364731/63382530011411470074835160268800,22,28
H1,9/10,marginal,26332920614971128686286229750273/63382530011411470074835160268800,23,28
H1,9/10,marginal,1070824565735609337683635543187/2535301200456458802993406410752,24,28
H1,9/10,marginal,15226302694182952033738883692573/31691265005705735037417580134400,25,28
H1,9/10,marginal,1/2,25,28
H1,9/10,marginal,208273611628265638782432952248983/380295180068468820449010961612800,26,28
H1,9/10,marginal,7639032037218699598187211370597/7922816251426433759354395033600,27,28
H1,9/10,marginal,1,27,28
H1,9/10,marginal,32772264292634879088764500010319/31691265005705735037417580134400,28,28
H1,9/10,marginal,2,28,28
N1,13/25,joint,0,0,28
N1,13/25,joint,1/4,0,28
N1,13/25,joint,29845363303239282344509840170266690024560847693777756020998683/80346902212949513777098104617058130126110149689139641765068800,1,28
N1,13/25,joint,93771692454273919646807941744810012087399877964409563924025501/241040706638848541331294313851174390378330449067418925295206400,2,28
N1,13/25,joint,7217687864733943564321063694734934169864911756534413902596933/16069380442589902755419620923411626025222029937827928353013760,3,28
N1,13/25,joint,7911926725784628230036323890463592796487920529627726065485733/16069380442589902755419620923411626025222029937827928353013760,4,28
N1,13/25,joint,1/2,4,28
N1,13/25,joint,10125791339463032564707668370100183659572392706260283492954349/20086725553237378444274526154264532531527537422284910441267200,5,28
N1,13/25,joint,121683599143583047212827618541787301052307997747918072938446833/241040706638848541331294313851174390378330449067418925295206400,6,28
N1,13/25,joint,10333535946645767313051824487221871031749770235951549370320299/20086725553237378444274526154264532531527537422284910441267200,7,28
N1,13/25,joint,20711720216629388923047866465184685392181580124124285614686351/40173451106474756888549052308529065063055074844569820882534400,8,28
N1,13/25,joint,41726373131647824604009179503389318460049121815272015283206881/80346902212949513777098104617058130126110149689139641765068800,9,28
N1,13/25,joint,4203606180647074190830049730611873500055239501572180924946179/8034690221294951377709810461705813012611014968913964176506880,10,28
N1,13/25,joint,10604196041592003404111819022744008774239628776185983894399223/20086725553237378444274526154264532531527537422284910441267200,11,28
N1,13/25,joint,8892155497285973335455724730916558345742334279284462257092809/16069380442589902755419620923411626025222029937827928353013760,12,28
N1,13/25,joint,45324647013452321676716146537566647796768384937203789329241181/80346902212949513777098104617058130126110149689139641765068800,13,28
N1,13/25,joint,45498497151075744249412722047731237537664465933105914164234043/80346902212949513777098104617058130126110149689139641765068800,14,28
N1,13/25,joint,46557516852415417045244350136369450412434308550744921354897129/80346902212949513777098104617058130126110149689139641765068800,15,28
N1,13/25,joint,23565074133008095439370578477663365337596451296185671950139297/40173451106474756888549052308529065063055074844569820882534400,16,28
N1,13/25,joint,23620144600692653075895979895355988809421706162828851280572919/40173451106474756888549052308529065063055074844569820882534400,17,28
N1,13/25,joint,2963993684823039047905929019404170285272030204355683380787511/5021681388309344611068631538566133132881884355571227610316800,18,28
N1,13/25,joint,47720188027647721645867680313935063813510649936925372734889771/80346902212949513777098104617058130126110149689139641765068800,19,28
N1,13/25,joint,48694874624967008727134678312917878634917586890186145855148401/80346902212949513777098104617058130126110149689139641765068800,20,28
N1,13/25,joint,48864945069775650027091541939630008683908571519135257835200789/80346902212949513777098104617058130126110149689139641765068800,21,28
N1,13/25,joint,51649429001830445065541655609073303996213946518277679680123939/80346902212949513777098104617058130126110149689139641765068800,22,28
N1,13/25,joint,53340494413379097718512045384572386173414025773051646551049187/80346902212949513777098104617058130126110149689139641765068800,23,28
N1,13/25,joint,54548706182548764695241402428571986276860704807201203506558749/80346902212949513777098104617058130126110149689139641765068800,24,28
N1,13/25,joint,3409478792097853627725360716619149971976188370021311975632909/5021681388309344611068631538566133132881884355571227610316800,25,28
N1,13/25,joint,67207134230601557905350293080559867346181024112117468980181963/80346902212949513777098104617058130126110149689139641765068800,26,28
N1,13/25,joint,13641237842927008371403722925740903384597343700225021271989023/16069380442589902755419620923411626025222029937827928353013760,27,28
N1,13/25,joint,36685819539780141178250542096544169181450046304517250515970223/40173451106474756888549052308529065063055074844569820882534400,28,28
N1,13/25,joint,1,28,28
N1,13/25,joint,2,28,28
N1,13/25,marginal,0,0,28
N1,13/25,marginal,1/4,0,28
N1,13/25,marginal,1/2,0,28
N1,13/25,marginal,157550418147291576079884177072216295929381054951732212491625231/241040706638848541331294313851174390378330449067418925295206400,1,28
N1,13/25,marginal,349065558510493725915907418080184283670703060568796116551391167/482081413277697082662588627702348780756660898134837850590412800,2,28
N1,13/25,marginal,1573547769786418317658179920257360858713132043972292103400821/2008672555323737844427452615426453253152753742228491044126720,3,28
N1,13/25,marginal,63615424473234690732395011632186596810995759061535748674316509/80346902212949513777098104617058130126110149689139641765068800,4,28
N1,13/25,marginal,7956937496767181533223253134541368810730380944872512463633101/10043362776618689222137263077132266265763768711142455220633600,5,28
N1,13/25,marginal,3989898757566711454917150854332666411277541783688831334578457/5021681388309344611068631538566133132881884355571227610316800,6,28
N1,13/25,marginal,64163142335033431219976355831172728766597733238392885030570587/80346902212949513777098104617058130126110149689139641765068800,7,28
N1,13/25,marginal,67622773465518381705239432378981947314187270232801975447870201/80346902212949513777098104617058130126110149689139641765068800,8,28
N1,13/25,marginal,68936832907285137480067344843063007472079712638345713615032541/80346902212949513777098104617058130126110149689139641765068800,9,28
N1,13/25,marginal,69743497544826405789951851386491098753899454405263894521245273/80346902212949513777098104617058130126110149689139641765068800,10,28
N1,13/25,marginal,7087115228177375846357055816372933979791443628962436131175027/8034690221294951377709810461705813012611014968913964176506880,11,28
N1,13/25,marginal,17755525246796257351423197131676961616682088061982607330620163/20086725553237378444274526154264532531527537422284910441267200,12,28
N1,13/25,marginal,3592362839450164329380191680763339987285017456580717347227291/4017345110647475688854905230852906506305507484456982088253440,13,28
N1,13/25,marginal,9488416229080853648183731867295451087539883425223954639982971/10043362776618689222137263077132266265763768711142455220633600,14,28
N1,13/25,marginal,3199631143402430477139885271519621955984292884012064721662079/3213876088517980551083924184682325205044405987565585670602752,15,28
N1,13/25,marginal,1,15,28
N1,13/25,marginal,41038869696621700510371499646329771162400296122498595376356791/40173451106474756888549052308529065063055074844569820882534400,16,28
N1,13/25,marginal,21334441208499829134542735002386265837344479131647733379776307/20086725553237378444274526154264532531527537422284910441267200,17,28
N1,13/25,marginal,86351760359357599008674435558576077532878837517159451172626721/80346902212949513777098104617058130126110149689139641765068800,18,28
N1,13/25,marginal,59295862493709709705224448089013528845701666638174794288127899/40173451106474756888549052308529065063055074844569820882534400,19,28
N1,13/25,marginal,121565856186294523537061528458281821673951643137637924051617953/80346902212949513777098104617058130126110149689139641765068800,20,28
N1,13/25,marginal,30681598331505388443964224495399167276877577207665714870528341/20086725553237378444274526154264532531527537422284910441267200,21,28
N1,13/25,marginal,15505056595973538693835601305709716158175343904525824706159463/10043362776618689222137263077132266265763768711142455220633600,22,28
N1,13/25,marginal,124129604916160089010618933591928879375253845489256552922818309/80346902212949513777098104617058130126110149689139641765068800,23,28
N1,13/25,marginal,64386567567893933232649945460828392045466704725021405553583693/40173451106474756888549052308529065063055074844569820882534400,24,28
N1,13/25,marginal,32618837339966481547856232617594883858283945598809688227873789/20086725553237378444274526154264532531527537422284910441267200,25,28
N1,13/25,marginal,134637525460419720138087800158894443277724111309466177996797161/80346902212949513777098104617058130126110149689139641765068800,26,28
N1,13/25,marginal,27179468266574149190423922924122643479544430904061882248737009/16069380442589902755419620923411626025222029937827928353013760,27,28
N1,13/25,marginal,136916656931845341806193189094380533244840382418730082204173541/80346902212949513777098104617058130126110149689139641765068800,28,28
N1,13/25,marginal,2,28,28
N2,13/25,joint,0,0,28
N2,13/25,joint,1/4,0,28
N2,13/25,joint,22933085622487483178924077991028690928952013682961531697242713/80346902212949513777098104617058130126110149689139641765068800,1,28
N2,13/25,joint,22980873415674820531538524928576901742784796860991994231609043/80346902212949513777098104617058130126110149689139641765068800,2,28
N2,13/25,joint,26085734601838732963407988789398785743231800559266798950988867/80346902212949513777098104617058130126110149689139641765068800,3,28
N2,13/25,joint,78867069224495450814718865766862250469362283880720784349321977/241040706638848541331294313851174390378330449067418925295206400,4,28
N2,13/25,joint,27474049423454189946041073420746270010900449351976015788521431/80346902212949513777098104617058130126110149689139641765068800,5,28
N2,13/25,joint,1109673099720499459637290573374269680359203888353679940489221/3213876088517980551083924184682325205044405987565585670602752,6,28
N2,13/25,joint,14343311184071754824052998722884335562618460167716813632350243/40173451106474756888549052308529065063055074844569820882534400,7,28
N2,13/25,joint,29017982657220515063475032985802050350878896410930606986244589/80346902212949513777098104617058130126110149689139641765068800,8,28
N2,13/25,joint,21962111035723599555484930290457974280206904444154882503212713/60260176659712135332823578462793597594582612266854731323801600,9,28
N2,13/25,joint,1181708656709978785073317771537164652083785842311996967960121/3213876088517980551083924184682325205044405987565585670602752,10,28
N2,13/25,joint,31233431335543517590613699371487890693806248824522412409719273/80346902212949513777098104617058130126110149689139641765068800,11,28
N2,13/25,joint,793103511361862819958665210942673969320818100508685696653857/2008672555323737844427452615426453253152753742228491044126720,12,28
N2,13/25,joint,8158465849593096315261891109424018132294937115230988068399979/20086725553237378444274526154264532531527537422284910441267200,13,28
N2,13/25,joint,32737290875036179698767706974244673435925064777817946881281623/80346902212949513777098104617058130126110149689139641765068800,14,28
N2,13/25,joint,33374056213045757370564042430417202277004943338584880863721499/80346902212949513777098104617058130126110149689139641765068800,15,28
N2,13/25,joint,8350224991631533357286217711885913104905042169560710103845399/20086725553237378444274526154264532531527537422284910441267200,16,28
N2,13/25,joint,33615889963505061811844900839597962598640436200510903073637493/80346902212949513777098104617058130126110149689139641765068800,17,28
N2,13/25,joint,34434351111622472615720962294883394659226208820952626359877009/80346902212949513777098104617058130126110149689139641765068800,18,28
N2,13/25,joint,35174624448944793420824389638346227098951393811377982416799753/80346902212949513777098104617058130126110149689139641765068800,19,28
N2,13/25,joint,36043705414238861398534388914483374109108547437654624433905237/80346902212949513777098104617058130126110149689139641765068800,20,28
N2,13/25,joint,109286145003216819567689226432414986093154193169493980089674947/241040706638848541331294313851174390378330449067418925295206400,21,28
N2,13/25,joint,18430862664641185376117262070008925309021130821528017473825059/40173451106474756888549052308529065063055074844569820882534400,22,28
N2,13/25,joint,19410302625046641344823689086586771902008673300941502628089801/40173451106474756888549052308529065063055074844569820882534400,23,28
N2,13/25,joint,1/2,23,28
N2,13/25,joint,8041829781954636572250771800001755666283447593558361874698317/16069380442589902755419620923411626025222029937827928353013760,24,28
N2,13/25,joint,41029928233839039113237911775900258927676674742470117985524353/80346902212949513777098104617058130126110149689139641765068800,25,28
N2,13/25,joint,21500799255590540422632353177092258225400374221897219876757909/40173451106474756888549052308529065063055074844569820882534400,26,28
N2,13/25,joint,22747252722356574712195212258211021224827494565324917552241977/40173451106474756888549052308529065063055074844569820882534400,27,28
N2,13/25,joint,24037782773361575550053037929245302159866460360019297034222289/40173451106474756888549052308529065063055074844569820882534400,28,28
N2,13/25,joint,1,28,28
N2,13/25,joint,2,28,28
N2,13/25,marginal,0,0,28
N2,13/25,marginal,1/4,0,28
N2,13/25,marginal,7075231597059049053310642147017542333428274866402468983094613/16069380442589902755419620923411626025222029937827928353013760,1,28
N2,13/25,marginal,1789974946556733232194789515379959091983339361167748152387309/4017345110647475688854905230852906506305507484456982088253440,2,28
N2,13/25,marginal,36722575622774150049285519093709820512465937039237864387721249/80346902212949513777098104617058130126110149689139641765068800,3,28
N2,13/25,marginal,7383031878323700539513805692585557116811443115987335475426523/16069380442589902755419620923411626025222029937827928353013760,4,28
N2,13/25,marginal,234392748584530589342428581112484088757994469982054377904164877/482081413277697082662588627702348780756660898134837850590412800,5,28
N2,13/25,marginal,8008095135413482688752297172197560314387695558427365733688433/16069380442589902755419620923411626025222029937827928353013760,6,28
N2,13/25,marginal,1/2,6,28
N2,13/25,marginal,41674834603296881890250767752893504145032056462004086128222421/80346902212949513777098104617058130126110149689139641765068800,7,28
N2,13/25,marginal,42027386918056234336525108534540735205837936451975408162152887/80346902212949513777098104617058130126110149689139641765068800,8,28
N2,13/25,marginal,42966807478684583531567395414055543908639716741039798413377979/80346902212949513777098104617058130126110149689139641765068800,9,28
N2,13/25,marginal,43109394436283882367025933578138000667819696970203263179620271/80346902212949513777098104617058130126110149689139641765068800,10,28
N2,13/25,marginal,5397113107873725052239876833018838226879710869712838311897433/10043362776618689222137263077132266265763768711142455220633600,11,28
N2,13/25,marginal,88465572689466969131698370981758520387057386490460135613077561/160693804425899027554196209234116260252220299378279283530137600,12,28
N2,13/25,marginal,47345783194247686847229283815494335050185558241940807827837759/80346902212949513777098104617058130126110149689139641765068800,13,28
N2,13/25,marginal,296400687552271225447761644778067033564349848960706435774300489/482081413277697082662588627702348780756660898134837850590412800,14,28
N2,13/25,marginal,50481682264201196364612639220236321368968425196891962706480357/80346902212949513777098104617058130126110149689139641765068800,15,28
N2,13/25,marginal,54499826530657159028285409898530745051550800767521001637827009/80346902212949513777098104617058130126110149689139641765068800,16,28
N2,13/25,marginal,57794837520691947324767892148790711620161414365213588701225253/80346902212949513777098104617058130126110149689139641765068800,17,28
N2,13/25,marginal,3673499488615599129776052288537458383549980024929601350809841/5021681388309344611068631538566133132881884355571227610316800,18,28
N2,13/25,marginal,65115297534770979971812075835245748754532374331352989779029119/80346902212949513777098104617058130126110149689139641765068800,19,28
N2,13/25,marginal,16973936445340784841792130678714970626303607250674332671709087/20086725553237378444274526154264532531527537422284910441267200,20,28
N2,13/25,marginal,17158530433382277100833871430168260467036452188205550524636537/20086725553237378444274526154264532531527537422284910441267200,21,28
N2,13/25,marginal,68779644348547464336118983379862655541121225153884577593459433/80346902212949513777098104617058130126110149689139641765068800,22,28
N2,13/25,marginal,6988265702235196025993214538841281613911388766253591018054707/8034690221294951377709810461705813012611014968913964176506880,23,28
N2,13/25,marginal,4418437595644545264858947138359316033503979201664503738789417/5021681388309344611068631538566133132881884355571227610316800,24,28
N2,13/25,marginal,7303159221429924467797370727257894876700370712034078484562457/8034690221294951377709810461705813012611014968913964176506880,25,28
N2,13/25,marginal,1564197526316586741415767960398596679927847513649684482274661/1606938044258990275541962092341162602522202993782792835301376,26,28
N2,13/25,marginal,9810694052697390954197393039153214041870133912776951011886667/10043362776618689222137263077132266265763768711142455220633600,27,28
N2,13/25,marginal,9887032065405641112888794934081799868995962329622614350848189/10043362776618689222137263077132266265763768711142455220633600,28,28
N2,13/25,marginal,1,28,28
N2,13/25,marginal,2,28,28
N2L,13/25,joint,0,0,28
N2L,13/25,joint,760206942643762020406605517101940030248526018389336261598601/3213876088517980551083924184682325205044405987565585670602752,1,28
N2L,13/25,joint,1/4,1,28
N2L,13/25,joint,2025886482761420782034612111911882454915197544306972938426357/8034690221294951377709810461705813012611014968913964176506880,2,28
N2L,13/25,joint,116434192281831285891794207778346319679723839939461136950003/401734511064747568885490523085290650630550748445698208825344,3,28
N2L,13/25,joint,153711875502511716061986098038042909438655823040062556765757/502168138830934461106863153856613313288188435557122761031680,4,28
N2L,13/25,joint,25092219429912801880325690974120035281643251747984509864771243/80346902212949513777098104617058130126110149689139641765068800,5,28
N2L,13/25,joint,149599480319388943830032075951079942283425606510288343230949/470782630154001057287684206740574981207676658334802588467200,6,28
N2L,13/25,joint,6478463237782145945085580838839245231910075671033259028396853/20086725553237378444274526154264532531527537422284910441267200,7,28
N2L,13/25,joint,26485483844544059832420150873238059518304909357396018632624181/80346902212949513777098104617058130126110149689139641765068800,8,28
N2L,13/25,joint,2686946994903190742661439905523606810278440181287602887376881/8034690221294951377709810461705813012611014968913964176506880,9,28
N2L,13/25,joint,28486292327173309091541507372119787484973534792743570714447657/80346902212949513777098104617058130126110149689139641765068800,10,28
N2L,13/25,joint,86575521067209955340202487433171436105022345363825437636963863/241040706638848541331294313851174390378330449067418925295206400,11,28
N2L,13/25,joint,5779725812277217846566717854046483962296395360795726579765137/16069380442589902755419620923411626025222029937827928353013760,12,28
N2L,13/25,joint,29789618451335094160170983418816642645611593530645078758055379/80346902212949513777098104617058130126110149689139641765068800,13,28
N2L,13/25,joint,15065938780741728233290444692455431923179577805112035274940527/40173451106474756888549052308529065063055074844569820882534400,14,28
N2L,13/25,joint,30442913997617699666929848874004532549930866707553966706094991/80346902212949513777098104617058130126110149689139641765068800,15,28
N2L,13/25,joint,3812362870805441534830929108413311423528834231706542052198847/10043362776618689222137263077132266265763768711142455220633600,16,28
N2L,13/25,joint,3054829774087893635156119002397411819777071404136757421581593/8034690221294951377709810461705813012611014968913964176506880,17,28
N2L,13/25,joint,15868486301819272501785792596970000053132517120045412502870259/40173451106474756888549052308529065063055074844569820882534400,18,28
N2L,13/25,joint,16355985204821540785119843502849118743454867380730817545633559/40173451106474756888549052308529065063055074844569820882534400,19,28
N2L,13/25,joint,33417248193356838858327845863821542481067489656240158981948653/80346902212949513777098104617058130126110149689139641765068800,20,28
N2L,13/25,joint,16919866449801875916974924701947521803325134452953673220630623/40173451106474756888549052308529065063055074844569820882534400,21,28
N2L,13/25,joint,53304478447220642073195357734031851948094944077318836305694871/120520353319424270665647156925587195189165224533709462647603200,22,28
N2L,13/25,joint,35604287225022902232136681281688198025373629046216326201733437/80346902212949513777098104617058130126110149689139641765068800,23,28
N2L,13/25,joint,37527587970738735826306695108230588460820286722964620594715437/80346902212949513777098104617058130126110149689139641765068800,24,28
N2L,13/25,joint,37872508570467758667231781470788186516126754748723307701009179/80346902212949513777098104617058130126110149689139641765068800,25,28
N2L,13/25,joint,9567203973885052900763952450656137446105917487943305441439689/20086725553237378444274526154264532531527537422284910441267200,26,28
N2L,13/25,joint,1/2,26,28
N2L,13/25,joint,20329760484467266943760841542411884525107321969186031895684191/40173451106474756888549052308529065063055074844569820882534400,27,28
N2L,13/25,joint,21366865078937738654570869472957773989512114204097766204600267/40173451106474756888549052308529065063055074844569820882534400,28,28
N2L,13/25,joint,1,28,28
N2L,13/25,joint,2,28,28
N2L,13/25,marginal,0,0,28
N2L,13/25,marginal,1/4,0,28
N2L,13/25,marginal,29404653810708258011340204563332064460965582645084035315805637/80346902212949513777098104617058130126110149689139641765068800,1,28
N2L,13/25,marginal,7477339036841688202127393729522400981398887596674825499943641/20086725553237378444274526154264532531527537422284910441267200,2,28
N2L,13/25,marginal,15576630991429552280544614398076773905444881408794034442255929/40173451106474756888549052308529065063055074844569820882534400,3,28
N2L,13/25,marginal,31178204835361170106765270341649065449604707244211872771790591/80346902212949513777098104617058130126110149689139641765068800,4,28
N2L,13/25,marginal,4275984025540359700116837520385584258236177382506312092342697/10043362776618689222137263077132266265763768711142455220633600,5,28
N2L,13/25,marginal,3550083661129437755070276115074586043456458498341701045733247/8034690221294951377709810461705813012611014968913964176506880,6,28
N2L,13/25,marginal,72441820539693127244896819994324573930296839153995729044243223/160693804425899027554196209234116260252220299378279283530137600,7,28
N2L,13/25,marginal,18168537106381271257067010927497125403822136229510270468174463/40173451106474756888549052308529065063055074844569820882534400,8,28
N2L,13/25,marginal,36859561294617396719081101024874736756757021751974803500644413/80346902212949513777098104617058130126110149689139641765068800,9,28
N2L,13/25,marginal,7441386390768478961627399790464471304552776436046325823384059/16069380442589902755419620923411626025222029937827928353013760,10,28
N2L,13/25,marginal,37559089099294034665858256978777032187523825009427283101582889/80346902212949513777098104617058130126110149689139641765068800,11,28
N2L,13/25,marginal,1/2,11,28
N2L,13/25,marginal,495407363120660130699352430875100815818774144270602325215107051/964162826555394165325177255404697561513321796269675701180825600,12,28
N2L,13/25,marginal,41306026608773070378755202769664805716891221385620722032258319/80346902212949513777098104617058130126110149689139641765068800,13,28
N2L,13/25,marginal,11060411643041223487303066473808209047640172430198492381739561/20086725553237378444274526154264532531527537422284910441267200,14,28
N2L,13/25,marginal,139040950750790374482330985446063547013941813404307569041188691/241040706638848541331294313851174390378330449067418925295206400,15,28
N2L,13/25,marginal,9733614022440161835148692260768798127875318389457418202441373/16069380442589902755419620923411626025222029937827928353013760,16,28
N2L,13/25,marginal,51755843747512389725542672633683786595397264545540369984403699/80346902212949513777098104617058130126110149689139641765068800,17,28
N2L,13/25,marginal,13289781022209670015891564717591442075814662139792046541204853/20086725553237378444274526154264532531527537422284910441267200,18,28
N2L,13/25,marginal,53807169065781522397360231470325590728824848390122699159628583/80346902212949513777098104617058130126110149689139641765068800,19,28
N2L,13/25,marginal,28150622449929602693930968675091258612998958754131195132257501/40173451106474756888549052308529065063055074844569820882534400,20,28
N2L,13/25,marginal,56899055778343085001619765396954270217040935230764236106145583/80346902212949513777098104617058130126110149689139641765068800,21,28
N2L,13/25,marginal,288087288987193593207689884712141134253730667052915812919661/401734511064747568885490523085290650630550748445698208825344,22,28
N2L,13/25,marginal,11682751470848606617141770644484121134742700151795997847401431/16069380442589902755419620923411626025222029937827928353013760,23,28
N2L,13/25,marginal,3651902931768679393816328690130755872984548181702027153882647/5021681388309344611068631538566133132881884355571227610316800,24,28
N2L,13/25,marginal,15221147361189360349253332959392153070456668818738926034327891/20086725553237378444274526154264532531527537422284910441267200,25,28
N2L,13/25,marginal,32897921315895265157920009046389352553758584363899577631660493/40173451106474756888549052308529065063055074844569820882534400,26,28
N2L,13/25,marginal,16652896441137663204869300878913605245932366206328916108181483/20086725553237378444274526154264532531527537422284910441267200,27,28
N2L,13/25,marginal,16771248940795881294855818063767305603124392523433129852884661/20086725553237378444274526154264532531527537422284910441267200,28,28
N2L,13/25,marginal,1,28,28
N2L,13/25,marginal,2,28,28
